bucket,raw,w0,sigma_eff,risk_w
VALUE,0.8291694195384395,1.0,0.20121220253038716,0.7367684720121668
GROWTH,0.0,0.0,0.3754016955948569,0.0
CYCLE,0.0,0.0,0.22161854069678086,0.0
GOLD,0.0,0.0,0.15655904123451175,0.0
DEFENSIVE,,,,0.2632315279878332
RATE,,,,0.13888051464707354
CASH,,,,0.12435101334075968
