instrument_id,w_star,w_exec
000312.OF,0.025445591366767037,0.008905956978368464
000602.OF,0.12435101334075968,0.3586186082149384
002236.OF,0.0,0.0
003194.OF,0.6380704380601834,0.2233246533210642
003377.OF,0.13888051464707354,0.3835124265808033
004195.OF,0.0,0.0
004253.OF,0.0,0.0
004409.OF,0.0,0.0
004744.OF,0.0,0.0
005562.OF,0.07325244258521632,0.025638354904825713
164304.OF,0.0,0.0
690008.OF,0.0,0.0
